{"stat.walkOneCm":36531,"stat.useItem.minecraft.chest":1,"achievement.openInventory":9,"stat.leaveGame":9,"stat.useItem.minecraft.slime":2,"stat.useItem.minecraft.wooden_door":1,"stat.useItem.minecraft.anvil":1,"stat.flyOneCm":24458,"stat.drop":2,"stat.jump":102,"stat.swimOneCm":103,"stat.playOneMinute":13149,"stat.damageDealt":100,"stat.crouchOneCm":1,"stat.timeSinceDeath":13149,"stat.useItem.minecraft.redstone_torch":1,"stat.useItem.minecraft.dirt":2,"stat.useItem.minecraft.iron_pickaxe":2,"stat.sprintOneCm":18033,"achievement.exploreAllBiomes":{"value":0,"progress":["Plains"]}}