{"stat.walkOneCm":7175,"stat.useItem.minecraft.chest":1,"achievement.openInventory":6,"stat.leaveGame":4,"stat.mobKills":3,"stat.useItem.minecraft.slime":10,"stat.flyOneCm":9820,"stat.drop":2,"stat.jump":25,"stat.swimOneCm":329,"stat.playOneMinute":8972,"stat.useItem.minecraft.wooden_sword":21,"stat.killEntity.Villager":2,"stat.damageDealt":1105,"stat.crouchOneCm":195,"stat.killEntity.Zombie":1,"stat.timeSinceDeath":8972,"stat.sprintOneCm":1553,"stat.useItem.minecraft.stone_slab2":17,"achievement.exploreAllBiomes":{"value":0,"progress":["Plains"]}}