{"stat.walkOneCm":12216,"stat.useItem.minecraft.chest":1,"achievement.openInventory":6,"stat.leaveGame":5,"stat.useItem.minecraft.slime":2,"stat.useItem.minecraft.wooden_door":1,"stat.useItem.minecraft.anvil":1,"stat.flyOneCm":5659,"stat.drop":2,"stat.jump":50,"stat.swimOneCm":103,"stat.playOneMinute":5543,"stat.damageDealt":100,"stat.crouchOneCm":1,"stat.timeSinceDeath":5543,"stat.useItem.minecraft.redstone_torch":1,"stat.useItem.minecraft.dirt":2,"stat.useItem.minecraft.iron_pickaxe":2,"stat.sprintOneCm":4641,"achievement.exploreAllBiomes":{"value":0,"progress":["Plains"]}}