{"stat.walkOneCm":10040,"stat.useItem.minecraft.chest":1,"achievement.openInventory":6,"stat.leaveGame":5,"stat.mobKills":3,"stat.useItem.minecraft.slime":10,"stat.flyOneCm":12746,"stat.drop":2,"stat.jump":37,"stat.swimOneCm":329,"stat.playOneMinute":10314,"stat.useItem.minecraft.wooden_sword":21,"stat.killEntity.Villager":2,"stat.damageDealt":1105,"stat.crouchOneCm":195,"stat.killEntity.Zombie":1,"stat.timeSinceDeath":10314,"stat.sprintOneCm":1940,"stat.useItem.minecraft.stone_slab2":17,"achievement.exploreAllBiomes":{"value":0,"progress":["Plains"]}}