{"stat.walkOneCm":6075,"achievement.openInventory":6,"stat.leaveGame":2,"stat.mobKills":3,"stat.useItem.minecraft.slime":10,"stat.flyOneCm":9177,"stat.drop":2,"stat.jump":23,"stat.swimOneCm":236,"stat.playOneMinute":8223,"stat.useItem.minecraft.wooden_sword":21,"stat.killEntity.Villager":2,"stat.damageDealt":1105,"stat.crouchOneCm":195,"stat.killEntity.Zombie":1,"stat.timeSinceDeath":8223,"stat.sprintOneCm":612,"stat.useItem.minecraft.stone_slab2":17,"achievement.exploreAllBiomes":{"value":0,"progress":["Plains"]}}